{
  "robot_type":"DQ_SerialManipulatorDenso",
  "angle_mode":"degree",
  "a":    [0,     0,      -0.009935, 0.000182,  -0.00002,  0],
  "b":    [0,     -0.2501, 0,      0,      0,      0],
  "d":    [0.345,   0,      0,      0.25509, -0.00017,  0.069967],
  "alpha":[-89.94,0.039,  90.018, -89.95, 89.986, 0],
  "beta": [0,     -0.009, 0,      0,      0,      0],
  "gamma":[0,     0.017,  -0.015, -0.115, -0.013, 0],
  "lower_q_limit":[-1,-2,-3,-4,-5,-6],
  "upper_q_limit":[9 ,8 ,7 ,6 ,5 ,4],
  "lower_q_dot_limit":[-9,-8,-7,-6,-5,-4],
  "upper_q_dot_limit":[1, 2, 3, 4, 5, 6],
  "effector":[0.0,1.0,0.0,0.0],
  "reference_frame":[0.0,0.0,1.0,0.0]
}
