{
  "robot_type":"DQ_SerialManipulatorDenso",
  "angle_mode":"degree",
  "effector": [1],
  "reference_frame": [1],
  "a":    [0,     0,      -0.009935, 0.000182,  -0.00002,  0],
  "b":    [0,     -0.2501, 0,      0,      0,      0],
  "d":    [0.345,   0,      0,      0.25509, -0.00017,  0.069967],
  "alpha":[-89.94,0.039,  90.018, -89.95, 89.986, 0],
  "beta": [0,     -0.009, 0,      0,      0,      0],
  "gamma":[0,     0.017,  -0.015, -0.115, -0.013, 0],
  "lower_q_limit":[-170, -70, 10, -270, -90, -360],
  "upper_q_limit":[170, 120, 151, 270, 120, 360],
  "lower_q_dot_limit":[-33, -32.1, -59.40, -60.50, -60.50, -90.80],
  "upper_q_dot_limit":[33, 32.1, 59.40, 60.50, 60.50, 90.80]
}
